view_home_mail_4 senden
view_home_sent_4 senden

view_home_derivatives_19 achtung
view_home_derivatives_23 achtung

view_admins_load_packages_1 updatedPackages
view_admins_sync_package_7 updatedPackages
view_admins_sync_all_6 updatedPackages

view_users__sidebar_10 news
view_home_news_0 news

view_home_cancel_2 allgemeinbildung
view_home_impressum_7 allgemeinbildung
view_home_about_21 allgemeinbildung

view_sent_index_1 an
view_sent_show_1 an
view_sent_new_1 an
view_messages_show_1 an

view_metapackages_new_5 create
view_repositories_new_6 create
view_distributions_new_4 create
view_categories_new_5 create
view_roles_new_2 create
view_user_profiles_new_4 create

view_sessions_new_4 anmelden
view_layouts_application_10 anmelden

view_categories_index_4 show
view_derivatives_index_1 show
view_distributions_edit_6 show
view_derivatives_edit_4 show
view_categories_edit_6 show
view_roles_edit_3 show
view_repositories_index_1 show
view_debs_index_4 show

view_home_news_12 archive
view_home_news_6 archive

view_repositories_index_2 edit
view_users_show_7 edit
view_derivatives_show_4 edit
view_packages_show_25 edit
view_distributions_show_6 edit
view_repositories_show_1 edit
view_categories_index_6 edit
view_roles_show_1 edit
view_derivatives_index_2 edit
view_packages_edit_7 edit

controller_suggestion_3 creation_error
controller_suggestion_9 creation_error

view_users_new_3 username
view_sessions_new_1 username
view_users_index_3 username

view_distributions_edit_4 description_without_colon
view_categories_edit_2 description_without_colon
view_distributions_new_3 description_without_colon
view_metapackages_new_2 description_without_colon
view_categories_index_2 description_without_colon

view_cart_update_3 description_with_colon
view_packages_show_13 description_with_colon
view_categories_show_1 description_with_colon
view_videos_show_1 description_with_colon
view_metapackages_edit_5 description_with_colon

view_home_beteiligung_0 participation
view_home_news_22 participation

view_home_contact_us_2 subject_without_colon
view_sent_index_2 subject_without_colon
view_mailbox_show_2 subject_without_colon

view_sent_show_0 subject_with_colon
view_sent_new_2 subject_with_colon

view_derivatives_index_4 are_you_sure
helper_distributions_14 are_you_sure
view_repositories_index_4 are_you_sure
view_categories_index_10 are_you_sure
view_packages__packagelist_12 are_you_sure

controller_metapackages_0 bundle
view_metapackages_finish_migrate_4 bundle
view_metapackages_index_0 bundle

controller_cart_0 bundle_editor
view_cart__metacart_0 bundle_editor

view_home_about_0 match_with_communtu
view_home_home_0 match_with_communtu

controller_accounts_7 passwd_no_match
controller_users_7 passwd_no_match

view_packages_show_10 debian_section
view_packages__packagelist_0 debian_section

view_home_news_19 blog
view_home_news_20 blog

view_admins_sync_package_8 no_save_database
view_admins_sync_all_7 no_save_database

view_user_profiles__installation_26 changed_settings
view_user_profiles__installation_18 changed_settings

view_metapackages_show_20 direct_indirect_covered_packages
view_packages_show_18 direct_indirect_covered_packages

view_packages_new_1 distribution
view_packages_show_14 distribution

controller_categories_1 no_admin
controller_admins_1 no_admin

view_metapackages_new_6 not_logged_in
view_metapackages_index_2 not_logged_in
view_metapackages_migrate_3 not_logged_in
view_packages_add_comment_2 not_logged_in
view_metapackages_edit_7 not_logged_in
view_metapackages__metalist_21 not_logged_in
view_metapackages_add_comment_2 not_logged_in
view_metapackages_rdepends_2 not_logged_in
view_distributions_show_9 not_logged_in
view_distributions_index_2 not_logged_in
view_metapackages_show_25 not_logged_in
view_packages_index_0 not_logged_in
view_packages_edit_13 not_logged_in
view_packages_show_27 not_logged_in
view_categories_edit_8 not_logged_in

view_home_impressum_12 you_can
view_home_news_23 you_can

view_users_new_4 email_without_colon
view_users_index_4 email_without_colon

view_users_show_6 email_with_colon
view_home_mail_3 email_with_colon
view_users_edit_4 email_with_colon
view_home_mail_2 email_with_colon

view_home_beteiligung_6 feedback
view_home_contact_us_3 feedback

view_repositories_edit_5 gpg_key
view_repositories_show_12 gpg_key

view_home_about_17 imprint
view_home_impressum_0 imprint

view_user_profiles__installation_9 install
view_user_profiles__installation_10 install
view_metapackages__metalist_4 install

view_metapackages__metalist_1 category_without_colon
view_metapackages_new_3 category_without_colon
view_user_profiles_new_2 category_without_colon

view_metapackages_edit_3 category_with_colon
view_metapackages_show_4 category_with_colon

view_metapackages_add_comment_1 add_comment
view_packages_add_comment_1 add_comment

view_packages_add_comment_0 Kommentar
view_metapackages_add_comment_0 Kommentar

view_metapackages_show_22 kommentieren
view_packages_show_22 kommentieren

view_home_cancel_3 kontodaten
view_home_impressum_8 kontodaten
view_home_about_22 kontodaten

view_distributions_new_1 kurzname
view_distributions_edit_2 kurzname

view_repositories_edit_2 licence
view_repositories_show_5 licence
view_metapackages_show_8 licence
view_repositories_new_1 licence

view_categories_index_8 delete
view_distributions_show_7 delete
view_metapackages_show_19 delete
view_derivatives_index_3 delete
view_repositories_index_3 delete
view_messages_show_5 delete

view_metapackages_migrate_2 migrate
view_repositories_migrate_3 migrate

view_categories_edit_1 name_without_colon
view_metapackages__metalist_0 name_without_colon
view_packages_new_2 name_without_colon
view_metapackages_new_1 name_without_colon
view_distributions_new_0 name_without_colon
view_packages_edit_1 name_without_colon
view_categories_index_1 name_without_colon
view_distributions_edit_1 name_without_colon

view_cart__metacart_1 name_with_colon
view_users_show_1 name_with_colon
view_metapackages_edit_0 name_with_colon
view_derivatives_show_0 name_with_colon

view_repositories_show_9 native
model_package_3 native

view_home_about_18 natur_geist_und_technik
view_home_impressum_1 natur_geist_und_technik

view_admins_sync_all_5 new_packages
view_admins_sync_package_6 new_packages

view_categories_new_0 new_category
view_categories_index_11 new_category

view_users__mailbox_list_0 new_message
view_sent_new_0 new_message

controller_cart_1 new_bundle
controller_metapackages_5 new_bundle
view_cart__metacart_2 new_bundle
controller_metapackages_1 new_bundle
view_metapackages_new_0 new_bundle

view_derivatives_index_5 new_derivative
view_derivatives_new_0 new_derivative

view_users_edit_7 confirm_new_passwd
view_accounts_edit_4 confirm_new_passwd

view_users_edit_5 new_passwd
view_accounts_edit_2 new_passwd

view_packages_show_0 install_package_sources_first
view_home_icons_1 install_package_sources_first
view_home_icons_2 install_package_sources_first

view_admins_sync_package_5 total_packages
view_admins_sync_all_4 total_packages

controller_packages_0 packages
view_metapackages_finish_migrate_5 packages
view_repositories_show_14 packages

view_accounts_edit_0 change_passwd
view_accounts_edit_5 change_passwd
view_users_edit_1 change_passwd

view_sessions_new_2 passwd
view_users_new_5 passwd

view_repositories_edit_4 path
view_repositories_show_3 path
view_repositories_new_3 path

view_mailbox_show_0 inbox
view_users__mailbox_list_2 inbox

view_packages_show_3 add_sources
view_home_icons_4 add_sources
view_metapackages__metalist_16 add_sources
view_user_profiles__installation_14 add_sources
view_packages__packagelist_6 add_sources

view_user_profiles__installation_15 sources
view_metapackages__metalist_17 sources
view_packages__packagelist_7 sources
model_user_profile_tabz_2 sources
view_packages_show_4 sources

view_sessions_new_5 register
view_layouts_application_12 register
view_users_new_7 register

view_home_home_19 Registration
view_home_about_15 Registration
view_users_new_0 Registration

view_repositories_migrate_0 migrate_repository
helper_distributions_4 migrate_repository

view_admins_sync_all_3 repository_url
view_admins_sync_package_4 repository_url

view_repositories_new_2 security_type
view_repositories_edit_3 security_type
view_repositories_show_8 security_type

view_distributions_edit_5 save
view_repositories_edit_7 save
view_packages_edit_11 save
view_roles_edit_2 save
view_metapackages_edit_6 save
view_videos_edit_1 save
view_derivatives_edit_3 save
view_user_profiles__profile_data_16 save
view_packages_new_7 save
view_user_profiles__profile_rating_4 save
view_users_edit_8 save

view_home_impressum_10 donation_receipt
view_home_about_24 donation_receipt
view_home_cancel_5 donation_receipt

view_home_impressum_6 donation_possibility
view_home_about_20 donation_possibility

view_metapackages_show_5 install_by_default
view_metapackages_edit_4 install_by_default

view_repositories_show_13 subtype
view_repositories_new_5 subtype
view_repositories_edit_6 subtype

view_repositories_show_11 third_party
model_package_5 third_party

model_package_4 trusted
view_repositories_show_10 trusted

controller_derivatives_0 ubuntu_derivatives
view_users__sidebar_3 ubuntu_derivatives
view_home_derivatives_0 ubuntu_derivatives

controller_accounts_0 match_ubuntu
controller_suggestion_0 match_ubuntu
controller_home_0 match_ubuntu
controller_sessions_0 match_ubuntu
controller_roles_0 match_ubuntu
controller_videos_0 match_ubuntu
controller_passwords_0 match_ubuntu
controller_users_0 match_ubuntu

controller_passwords_9 invalid_activation_code_entered
controller_passwords_3 invalid_activation_code_entered

controller_passwords_4 invalid_activation_code_please_check_again
controller_passwords_10 invalid_activation_code_please_check_again

view_distributions_edit_3 url
view_distributions_new_2 url

view_home_impressum_9 donation_purpose
view_home_cancel_4 donation_purpose
view_home_about_23 donation_purpose

view_packages_show_12 videos
view_packages_edit_6 videos

view_packages_new_5 weblinks
view_packages_edit_5 weblinks

view_packages_show_20 used_in_bundles
view_metapackages_show_21 used_in_bundles

view_categories_new_4 choose_parent
view_categories_edit_5 choose_parent

view_home_impressum_3 zentrum_solidarische_oekonomie
view_home_about_19 zentrum_solidarische_oekonomie

view_metapackages_index_1 back
view_distributions_show_5 back
view_user_profiles_new_5 back
view_distributions_new_5 back
view_repositories_edit_8 back
view_roles_edit_4 back
view_repositories_show_2 back
view_roles_new_3 back
view_roles_show_2 back
view_videos_edit_2 back
view_repositories_new_7 back
view_admins_sync_all_0 back
view_packages_edit_12 back
view_admins_sync_package_0 back
view_distributions_edit_7 back
view_packages_new_8 back
view_categories_edit_7 back
view_repositories_multinew_1 back
view_derivatives_show_5 back
view_derivatives_edit_5 back
view_categories_show_5 back
view_categories_new_6 back
view_videos_show_3 back
view_sent_show_3 back
view_sent_index_4 back
view_messages_show_6 back
view_sent_new_5 back
view_mailbox_show_4 back

view_users_edit_6 four_and_fourty_letters
view_accounts_edit_3 four_and_fourty_letters

view_metapackages__metalist_18 add
view_packages__packagelist_8 add

view_home_icons_7 installing_using_script
view_metapackages__metalist_12 installing_using_script

view_packages_show_1 install2
view_user_profiles__installation_22 install2
view_metapackages__metalist_13 install2
view_packages__packagelist_4 install2

view_packages_show_6 yes
view_metapackages_show_6 yes
view_metapackages__metalist_6 yes

view_metapackages__metalist_7 no
view_metapackages_show_7 no
view_packages_show_7 no

view_metapackages_show_1 compose_new_message
view_metapackages_show_2 compose_new_message

view_metapackages_show_10 published
view_metapackages__metalist_8 published

view_metapackages__metalist_5 detailed_view
view_packages__packagelist_3 detailed_view

view_categories_new_3 superior_category
view_categories_edit_4 superior_category
view_categories_index_3 superior_category